ID_USER,NAME,EMAIL,PASSWORD
1,teste,teste,teste
2,New User,new@email.com,newpass
3,Test Name,test@reg.com,regpass
4,New User,new@email.com,newpass
5,Test Name,test@reg.com,regpass
6,New User,new@email.com,newpass
7,Test Name,test@reg.com,regpass
8,New User,new@email.com,newpass
9,Test Name,test@reg.com,regpass
10,Joao,joao@email.com,senha
11,New User,new@email.com,newpass
12,Test Name,test@reg.com,regpass
13,New User,new@email.com,newpass
14,Test Name,test@reg.com,regpass
15,New User,new@email.com,newpass
16,Test Name,test@reg.com,regpass
17,New User,new@email.com,newpass
18,Test Name,test@reg.com,regpass
19,New User,new@email.com,newpass
20,Test Name,test@reg.com,regpass
21,New User,new@email.com,newpass
22,Test Name,test@reg.com,regpass
23,New User,new@email.com,newpass
24,Test Name,test@reg.com,regpass
25,Joao,joao@email.com,senha123
